timestamp,ax,ay,az,gx,gy,gz
0,7,-9,16346,7,0,1
1,54,71,16424,8,10,9
2,108,119,16405,28,22,22
3,185,184,16416,36,31,26
4,237,179,16448,44,39,31
5,268,252,16424,46,39,30
6,349,282,16431,52,32,23
7,413,287,16466,50,33,14
8,423,315,16509,42,28,0
9,473,287,16534,39,9,-6
10,485,291,16518,32,2,-20
11,524,255,16516,11,-8,-25
12,460,215,16524,5,-29,-30
13,494,176,16494,-9,-34,-28
14,500,146,16512,-22,-36,-22
15,483,107,16507,-29,-43,-17
16,467,28,16603,-35,-39,-7
17,380,-18,16607,-43,-31,1
18,366,-101,16569,-53,-25,14
19,366,-107,16592,-44,-14,21
20,290,-151,16640,-48,2,29
21,246,-208,16600,-36,12,31
22,176,-267,16606,-32,29,26
23,146,-271,16653,-26,29,21
24,90,-302,16585,-10,41,7
25,-21,-279,16610,1,42,-1
26,-93,-285,16577,12,38,-11
27,-142,-289,16553,24,35,-21
28,-158,-255,16599,31,28,-22
29,-259,-217,16551,41,9,-29
30,-334,-162,16613,45,4,-26
31,-348,-140,16577,48,-6,-24
32,-357,-80,16515,45,-27,-12
33,-429,-11,16569,49,-27,-1
34,-454,6,16517,37,-34,5
35,-480,122,16556,22,-44,17
36,-460,155,16526,19,-39,27
37,-503,186,16467,8,-34,27
38,-543,231,16519,-7,-28,31
39,-515,278,16511,-14,-9,27
40,-480,295,16479,-28,-2,19
41,-436,292,16470,-41,2,8
42,-439,290,16461,-46,22,-1
43,-391,275,16396,-42,27,-17
44,-321,271,16455,-47,35,-18
45,-298,252,16479,-50,41,-27
46,-237,195,16485,-41,39,-30
47,-151,162,16386,-31,33,-22
48,-115,87,16397,-20,17,-19
49,-80,31,16407,-9,14,-6
50,32,1,16367,2,0,0
51,38,-44,16390,14,-7,12
52,113,-120,16377,25,-21,21
53,184,-176,16376,35,-32,26
54,257,-201,16390,41,-43,30
55,346,-226,16332,50,-40,27
56,358,-278,16294,46,-36,22
57,356,-285,16255,50,-31,13
58,419,-290,16267,40,-23,3
59,459,-300,16303,38,-9,-8
60,445,-265,16286,27,-4,-16
61,497,-289,16210,17,12,-27
62,481,-214,16311,9,25,-26
63,507,-175,16211,-7,31,-29
64,490,-144,16194,-19,37,-26
65,484,-106,16261,-31,41,-13
66,471,-58,16211,-39,39,-10
67,445,5,16184,-44,34,4
68,368,68,16188,-46,26,15
69,340,133,16210,-48,13,24
70,319,184,16152,-49,2,28
71,282,219,16195,-41,-5,31
72,205,268,16206,-31,-26,30
73,144,276,16228,-23,-34,21
74,73,259,16206,-6,-31,12
75,4,314,16128,-4,-41,1
76,-15,310,16205,10,-38,-11
77,-136,277,16216,25,-35,-19
78,-158,268,16178,34,-28,-29
79,-251,225,16195,46,-14,-31
80,-309,186,16193,46,1,-28
81,-324,130,16160,53,8,-26
82,-359,83,16226,49,23,-14
83,-413,17,16253,51,36,-1
84,-469,-34,16186,40,37,7
85,-449,-102,16199,28,40,17
86,-482,-145,16276,20,35,24
87,-477,-185,16229,5,30,29
88,-488,-225,16232,-3,20,30
89,-483,-256,16278,-12,8,24
90,-464,-293,16273,-27,1,18
91,-451,-282,16266,-37,-5,4
92,-473,-322,16304,-41,-24,-6
93,-379,-303,16331,-51,-37,-15
94,-358,-268,16323,-47,-37,-23
95,-291,-251,16350,-49,-39,-26
96,-269,-212,16346,-40,-39,-29
97,-190,-197,16335,-31,-24,-26
98,-120,-84,16326,-28,-25,-19
99,-70,-59,16406,-10,-10,-10
100,-5,-14,16370,2,-1,0
101,27,46,16422,9,12,12
102,137,123,16420,22,25,19
103,179,147,16399,33,36,25
104,208,222,16415,46,34,32
105,327,261,16466,45,42,29
106,323,276,16459,47,39,21
107,399,301,16477,44,32,16
108,425,291,16439,43,24,2
109,477,295,16540,38,7,-6
110,496,306,16496,30,-4,-17
111,496,252,16528,21,-11,-21
112,477,217,16489,3,-27,-30
113,498,191,16537,-4,-32,-31
114,477,155,16562,-23,-33,-26
115,490,79,16565,-28,-38,-14
116,451,28,16609,-42,-33,-8
117,394,-29,16535,-41,-32,0
118,384,-81,16516,-49,-22,14
119,334,-146,16524,-52,-10,23
120,281,-170,16538,-48,0,25
121,202,-228,16553,-44,8,27
122,172,-236,16551,-33,17,25
123,129,-245,16543,-28,33,20
124,51,-313,16600,-11,38,13
125,-20,-292,16569,5,40,0
126,-87,-290,16603,13,37,-11
127,-92,-265,16564,27,36,-22
128,-169,-242,16525,29,16,-26
129,-218,-217,16559,42,13,-29
130,-310,-162,16541,49,-3,-25
131,-341,-107,16533,53,-11,-24
132,-387,-76,16555,49,-27,-12
133,-431,-40,16549,48,-35,-3
134,-407,38,16522,37,-34,10
135,-476,83,16536,29,-41,16
136,-507,165,16552,13,-41,23
137,-524,182,16572,8,-31,29
138,-517,234,16472,1,-19,28
139,-524,241,16534,-24,-14,22
140,-480,290,16502,-34,-2,17
141,-456,306,16481,-38,14,6
142,-405,286,16498,-45,24,-4
143,-397,298,16446,-49,29,-15
144,-364,292,16431,-47,43,-22
145,-308,244,16352,-49,38,-28
146,-227,229,16447,-43,30,-30
147,-176,166,16406,-34,32,-33
148,-111,77,16437,-23,25,-19
149,-82,65,16384,-8,6,-11
150,3,19,16341,-3,0,-3
151,53,-49,16365,8,-11,11
152,109,-113,16367,19,-21,20
153,174,-146,16346,31,-31,25
154,242,-205,16368,44,-35,27
155,301,-271,16303,52,-41,28
156,336,-258,16355,50,-43,23
157,348,-311,16286,48,-31,12
158,436,-304,16311,44,-19,2
159,451,-336,16276,38,-14,-3
160,490,-295,16281,35,0,-16
161,513,-248,16212,15,11,-22
162,475,-232,16253,4,27,-31
163,509,-196,16224,-10,26,-31
164,473,-159,16264,-16,35,-23
165,463,-102,16200,-28,36,-17
166,457,-30,16185,-41,38,-9
167,412,25,16239,-45,29,3
168,382,65,16226,-53,25,12
169,326,135,16183,-49,12,22
170,308,203,16199,-49,-1,28
171,275,201,16213,-47,-12,30
172,200,249,16206,-35,-17,30
173,125,288,16162,-25,-35,24
174,89,281,16206,-12,-39,8
175,19,314,16125,3,-37,2
176,-70,307,16223,9,-39,-11
177,-95,296,16186,25,-35,-22
178,-152,258,16174,33,-26,-25
179,-241,210,16158,38,-18,-29
180,-247,177,16223,52,0,-28
181,-367,130,16238,54,10,-21
182,-390,93,16232,49,23,-13
183,-395,20,16204,49,36,-4
184,-461,-43,16203,39,35,7
185,-478,-86,16152,28,49,18
186,-501,-137,16197,25,35,24
187,-496,-194,16240,3,38,29
188,-522,-243,16228,-3,15,31
189,-519,-243,16284,-14,15,23
190,-489,-277,16315,-24,2,19
191,-450,-291,16258,-37,-17,8
192,-415,-303,16293,-46,-25,-3
193,-412,-258,16282,-47,-32,-9
194,-352,-265,16367,-53,-35,-24
195,-302,-241,16356,-52,-36,-28
196,-254,-212,16324,-42,-39,-28
197,-179,-182,16370,-41,-31,-30
198,-128,-88,16392,-20,-29,-24
199,-60,-58,16350,-10,-11,-8
200,11,1,16380,-5,3,0
201,34,85,16425,7,19,13
202,116,104,16405,25,24,22
203,199,166,16438,35,31,23
204,211,206,16461,41,42,28
205,281,263,16480,49,40,27
206,347,308,16478,48,43,20
207,393,273,16491,53,28,12
208,412,311,16463,45,20,2
209,460,268,16481,38,11,-9
210,502,291,16502,30,-2,-17
211,480,239,16474,15,-12,-24
212,501,235,16549,9,-21,-35
213,477,204,16552,-3,-31,-29
214,498,147,16508,-15,-38,-28
215,492,110,16549,-28,-37,-16
216,485,33,16480,-39,-36,-7
217,452,-18,16626,-45,-28,4
218,402,-81,16615,-50,-23,14
219,398,-128,16540,-52,-14,21
220,295,-146,16575,-49,-5,28
221,255,-240,16584,-46,14,28
222,185,-230,16586,-38,23,24
223,137,-276,16603,-21,34,20
224,79,-298,16583,-10,37,13
225,4,-303,16595,-1,38,-1
226,-58,-299,16560,14,38,-13
227,-103,-252,16579,26,28,-20
228,-169,-274,16553,40,18,-27
229,-260,-224,16593,42,6,-32
230,-295,-179,16607,45,5,-25
231,-359,-126,16558,50,-20,-23
232,-376,-59,16621,43,-20,-15
233,-431,0,16563,44,-32,-3
234,-401,43,16537,42,-35,7
235,-449,108,16558,31,-35,17
236,-454,150,16583,19,-39,26
237,-492,197,16522,7,-28,26
238,-472,231,16524,-5,-25,28
239,-552,277,16546,-17,-7,23
240,-490,279,16541,-29,1,17
241,-484,294,16540,-36,10,6
242,-417,308,16441,-43,23,-6
243,-414,301,16491,-51,30,-14
244,-329,270,16491,-51,45,-21
245,-288,241,16436,-50,36,-29
246,-239,201,16362,-40,43,-30
247,-217,177,16440,-28,35,-28
248,-147,120,16448,-18,25,-18
249,-82,49,16400,-14,14,-13
250,-34,-17,16418,0,0,2
251,23,-29,16378,5,-12,12
252,135,-108,16342,23,-20,20
253,223,-159,16340,34,-29,27
254,228,-211,16331,43,-40,28
255,288,-240,16318,49,-38,28
256,325,-263,16361,52,-40,23
257,422,-299,16271,47,-36,13
258,394,-294,16294,47,-19,4
259,452,-275,16252,34,-12,-7
260,510,-281,16254,28,-1,-18
261,460,-283,16297,14,13,-26
262,487,-229,16254,3,20,-26
263,503,-192,16226,0,32,-29
264,539,-141,16272,-16,38,-27
265,491,-61,16256,-29,39,-16
266,427,-38,16252,-34,42,-11
267,438,36,16225,-47,26,4
268,383,46,16207,-49,26,15
269,341,126,16209,-50,17,24
270,288,159,16205,-44,-1,25
271,243,226,16176,-40,-15,31
272,166,237,16196,-33,-23,24
273,112,280,16138,-23,-30,18
274,54,293,16176,-12,-36,10
275,-23,288,16118,5,-39,-1
276,-68,301,16177,12,-40,-7
277,-128,263,16205,23,-33,-21
278,-175,267,16177,38,-26,-26
279,-261,238,16238,40,-13,-32
280,-296,186,16211,53,0,-28
281,-344,144,16205,50,6,-22
282,-388,51,16157,48,23,-15
283,-414,2,16192,42,34,-1
284,-457,-54,16168,44,38,9
285,-461,-91,16165,28,39,18
286,-489,-144,16219,23,38,24
287,-492,-201,16228,11,29,29
288,-523,-233,16261,-5,20,28
289,-464,-280,16220,-14,10,25
290,-462,-269,16279,-31,3,16
291,-451,-292,16250,-38,-12,6
292,-447,-286,16296,-51,-24,-5
293,-366,-278,16273,-50,-37,-13
294,-374,-283,16377,-48,-36,-23
295,-315,-204,16327,-44,-41,-28
296,-250,-192,16354,-44,-34,-33
297,-180,-152,16369,-30,-38,-27
298,-137,-108,16326,-26,-23,-21
299,-69,-66,16365,-14,-7,-11
300,-15,-18,16384,-3,4,2
301,74,69,16397,16,13,10
302,112,117,16386,28,19,14
303,213,158,16414,35,32,28
304,262,196,16400,36,41,28
305,295,242,16473,49,38,30
306,344,279,16500,48,36,21
307,378,270,16448,48,39,17
308,468,296,16454,47,24,2
309,473,288,16489,39,14,-5
310,454,293,16508,27,-1,-20
311,475,282,16495,22,-13,-22
312,505,232,16519,3,-25,-29
313,474,191,16503,-5,-31,-31
314,508,154,16504,-16,-42,-25
315,480,81,16549,-24,-41,-17
316,395,51,16501,-33,-39,-8
317,436,-4,16580,-45,-33,4
318,393,-73,16500,-47,-23,15
319,304,-93,16538,-49,-15,20
320,299,-169,16554,-46,1,26
321,300,-230,16583,-38,17,28
322,193,-256,16531,-31,25,30
323,120,-273,16542,-23,32,20
324,48,-306,16583,-10,41,13
325,33,-304,16585,1,44,-2
326,-49,-274,16556,6,33,-8
327,-138,-282,16602,18,30,-18
328,-228,-261,16609,34,17,-26
329,-218,-250,16589,44,11,-28
330,-277,-162,16598,46,-1,-26
331,-344,-120,16584,50,-12,-18
332,-373,-79,16596,51,-25,-15
333,-428,-14,16535,42,-32,-4
334,-454,43,16593,39,-40,8
335,-487,102,16518,29,-39,16
336,-442,147,16492,17,-37,25
337,-466,196,16512,1,-28,26
338,-503,223,16536,-4,-25,31
339,-531,262,16508,-16,-12,22
340,-474,293,16472,-29,2,20
341,-431,279,16437,-39,18,8
342,-395,301,16429,-47,28,0
343,-392,287,16478,-47,32,-16
344,-352,289,16445,-47,37,-19
345,-261,243,16463,-42,37,-28
346,-218,213,16486,-45,38,-30
347,-202,145,16422,-34,28,-23
348,-151,101,16422,-24,21,-20
349,-60,52,16358,-11,14,-11
350,-4,7,16412,-1,0,1
351,95,-30,16365,11,-1,11
352,155,-104,16329,26,-24,20
353,155,-185,16329,35,-28,26
354,287,-193,16294,41,-41,28
355,238,-237,16298,52,-41,30
356,323,-280,16262,42,-37,26
357,387,-283,16272,43,-29,13
358,437,-314,16318,47,-21,5
359,465,-310,16279,39,-9,-11
360,457,-272,16238,36,-4,-16
361,477,-255,16320,18,9,-25
362,503,-236,16178,7,27,-31
363,478,-185,16296,-12,31,-31
364,533,-128,16177,-14,36,-22
365,487,-111,16267,-33,37,-15
366,429,-28,16185,-45,39,-7
367,419,35,16181,-42,34,2
368,409,97,16222,-50,24,16
369,369,141,16205,-47,11,25
370,275,201,16188,-48,-5,26
371,243,228,16203,-40,-8,31
372,186,244,16195,-32,-24,28
373,173,284,16197,-29,-25,23
374,69,275,16200,-18,-35,10
375,9,304,16145,-4,-42,-1
376,-107,296,16208,13,-41,-12
377,-95,295,16192,25,-34,-19
378,-180,258,16180,33,-19,-31
379,-212,216,16205,42,-8,-30
380,-285,185,16123,52,-1,-28
381,-377,119,16183,49,12,-23
382,-406,87,16163,46,17,-13
383,-401,3,16158,42,30,-2
384,-443,-39,16269,35,36,9
385,-469,-110,16252,35,39,23
386,-507,-138,16226,16,38,25
387,-499,-205,16186,7,37,29
388,-500,-248,16204,-3,30,28
389,-476,-276,16213,-20,12,23
390,-462,-289,16279,-25,2,17
391,-419,-297,16300,-37,-12,8
392,-395,-316,16287,-44,-23,-4
393,-398,-293,16286,-42,-38,-16
394,-311,-291,16373,-51,-36,-22
395,-323,-223,16297,-48,-37,-31
396,-248,-235,16348,-39,-40,-29
397,-185,-151,16346,-38,-32,-28
398,-95,-104,16355,-22,-23,-21
399,-52,-26,16319,-11,-16,-11
400,16,22,16377,5,5,-2
401,86,71,16410,10,8,11
402,147,125,16408,25,22,18
403,189,171,16392,35,32,27
404,237,177,16418,39,39,29
405,302,256,16419,49,44,28
406,314,275,16437,48,37,20
407,356,304,16472,53,30,17
408,416,274,16378,42,19,4
409,444,302,16484,35,14,-10
410,487,252,16490,27,5,-15
411,542,261,16536,14,-17,-24
412,518,238,16502,8,-19,-31
413,499,186,16522,-6,-32,-27
414,498,157,16508,-12,-39,-26
415,472,123,16589,-29,-36,-13
416,455,20,16583,-41,-34,-7
417,463,-37,16542,-41,-33,1
418,358,-78,16512,-54,-27,14
419,344,-122,16533,-50,-12,20
420,321,-164,16540,-47,6,26
421,248,-214,16559,-40,17,34
422,187,-254,16560,-29,23,24
423,153,-264,16599,-22,32,22
424,85,-291,16608,-11,43,8
425,-19,-328,16603,0,40,0
426,-70,-312,16571,13,37,-14
427,-192,-270,16601,23,31,-16
428,-188,-273,16605,32,20,-25
429,-215,-224,16611,38,8,-26
430,-299,-171,16595,43,10,-27
431,-338,-143,16540,50,-8,-24
432,-382,-60,16555,46,-22,-13
433,-437,-20,16529,45,-36,-4
434,-466,21,16546,37,-39,9
435,-518,77,16524,27,-41,16
436,-472,135,16449,16,-38,26
437,-474,191,16563,4,-34,31
438,-536,221,16521,-5,-22,32
439,-470,242,16520,-14,-8,23
440,-468,287,16577,-30,-1,16
441,-446,309,16499,-39,13,2
442,-434,314,16503,-40,19,-1
443,-373,325,16536,-48,37,-12
444,-330,277,16454,-54,41,-23
445,-323,243,16429,-47,45,-30
446,-225,191,16453,-45,39,-30
447,-160,158,16464,-32,29,-24
448,-138,97,16322,-24,24,-16
449,-66,65,16393,-18,19,-12
450,-19,4,16399,0,0,-2
451,46,-45,16391,13,-9,12
452,115,-109,16341,20,-17,16
453,173,-144,16356,35,-31,28
454,228,-184,16352,43,-31,35
455,309,-246,16276,41,-33,28
456,361,-301,16277,51,-39,21
457,368,-289,16299,46,-31,16
458,443,-310,16262,41,-24,1
459,425,-311,16267,42,-12,-6
460,461,-301,16300,34,-1,-17
461,499,-251,16237,18,11,-25
462,502,-231,16282,3,22,-27
463,526,-185,16233,-7,33,-27
464,478,-150,16233,-19,39,-22
465,467,-61,16213,-32,41,-15
466,450,-10,16232,-38,39,-8
467,443,25,16167,-45,32,6
468,387,85,16214,-49,20,15
469,330,99,16183,-55,14,23
470,266,164,16147,-49,-4,28
471,218,193,16207,-44,-11,28
472,188,287,16218,-32,-19,26
473,128,291,16197,-18,-25,21
474,69,311,16142,-14,-36,13
475,14,297,16226,1,-40,1
476,-76,305,16215,15,-40,-12
477,-139,273,16163,24,-36,-19
478,-166,249,16226,30,-22,-24
479,-232,208,16189,41,-14,-24
480,-282,183,16201,43,-3,-30
481,-356,124,16190,51,13,-20
482,-359,95,16186,43,18,-15
483,-407,18,16199,41,31,-3
484,-451,-32,16254,39,36,7
485,-448,-84,16249,32,44,13
486,-471,-147,16282,22,38,24
487,-503,-191,16283,12,28,30
488,-522,-219,16276,-14,25,30
489,-494,-264,16216,-24,12,23
490,-461,-284,16231,-29,-1,20
491,-464,-304,16302,-39,-10,7
492,-435,-294,16289,-40,-21,-3
493,-347,-301,16286,-47,-29,-14
494,-330,-291,16332,-50,-41,-25
495,-304,-237,16346,-43,-37,-27
496,-215,-219,16322,-38,-37,-29
497,-189,-148,16302,-33,-28,-26
498,-133,-93,16353,-26,-17,-21
499,-18,-70,16311,-12,-16,-7
500,-27,-11,16378,2,-6,2
501,86,62,16395,10,10,9
502,116,127,16417,22,23,16
503,149,143,16458,32,33,25
504,231,197,16453,44,40,31
505,280,240,16445,46,41,25
506,345,277,16502,50,43,24
507,377,296,16470,41,32,11
508,421,300,16492,46,24,3
509,475,294,16562,35,12,-11
510,469,269,16532,30,0,-17
511,499,290,16507,13,-13,-21
512,508,213,16542,8,-20,-30
513,488,188,16551,-4,-38,-32
514,500,121,16513,-21,-42,-30
515,484,98,16579,-35,-36,-19
516,433,15,16512,-38,-38,-6
517,432,-5,16542,-41,-35,4
518,376,-83,16574,-50,-20,13
519,353,-104,16607,-48,-13,24
520,296,-183,16592,-48,0,28
521,262,-203,16559,-49,10,28
522,165,-279,16586,-38,21,26
523,108,-261,16564,-25,34,21
524,75,-288,16552,-11,36,8
525,-3,-280,16545,2,45,0
526,-88,-291,16585,10,36,-10
527,-146,-235,16516,29,34,-16
528,-195,-262,16585,33,20,-26
529,-231,-223,16608,46,12,-30
530,-314,-158,16524,49,2,-29
531,-334,-131,16539,50,-12,-25
532,-397,-84,16541,47,-22,-12
533,-411,-18,16520,47,-32,-1
534,-470,28,16598,37,-34,8
535,-496,93,16494,24,-40,16
536,-473,160,16558,18,-36,21
537,-493,207,16554,7,-27,26
538,-540,242,16497,-7,-17,30
539,-462,253,16538,-20,-17,26
540,-490,284,16506,-34,4,16
541,-446,308,16459,-39,14,10
542,-402,301,16536,-45,23,-4
543,-349,296,16465,-43,29,-15
544,-273,299,16480,-49,38,-20
545,-310,243,16401,-52,44,-29
546,-207,222,16433,-41,35,-29
547,-181,159,16376,-34,29,-29
548,-114,103,16412,-28,27,-17
549,-32,19,16402,-5,14,-8
550,1,-19,16350,2,2,0
551,60,-50,16405,13,-11,10
552,136,-109,16355,27,-27,19
553,147,-150,16308,33,-31,25
554,243,-231,16330,42,-40,26
555,306,-237,16334,49,-37,27
556,358,-254,16284,51,-37,18
557,387,-296,16270,51,-29,13
558,421,-291,16240,40,-21,1
559,420,-299,16265,38,-12,-7
560,468,-314,16301,29,0,-18
561,490,-277,16225,17,8,-25
562,483,-208,16219,4,26,-26
563,504,-187,16255,-5,34,-25
564,490,-170,16250,-20,35,-22
565,431,-90,16270,-27,48,-13
566,452,-43,16246,-37,41,-12
567,444,6,16175,-45,36,4
568,406,91,16227,-49,23,14
569,330,164,16176,-52,9,24
570,297,176,16162,-46,-4,26
571,200,241,16190,-42,-11,27
572,209,239,16190,-32,-22,23
573,96,287,16195,-21,-29,20
574,53,309,16199,-12,-30,11
575,13,291,16216,-4,-41,-1
576,-74,325,16203,15,-33,-9
577,-155,281,16229,20,-29,-17
578,-213,276,16163,35,-24,-24
579,-242,210,16225,40,-13,-29
580,-277,177,16200,46,0,-30
581,-351,139,16180,51,15,-20
582,-356,63,16235,51,30,-14
583,-432,30,16205,45,33,-2
584,-442,-28,16216,38,29,7
585,-473,-117,16260,31,36,19
586,-481,-129,16212,26,42,25
587,-531,-190,16252,2,30,26
588,-493,-229,16242,-6,25,28
589,-507,-234,16270,-19,11,24
590,-485,-303,16308,-31,0,15
591,-451,-309,16301,-37,-18,7
592,-398,-272,16302,-42,-23,-1
593,-428,-307,16280,-46,-36,-12
594,-345,-265,16384,-51,-36,-18
595,-303,-255,16317,-42,-39,-29
596,-254,-202,16397,-42,-37,-28
597,-158,-161,16351,-37,-32,-29
598,-108,-102,16335,-24,-22,-21
599,-84,-66,16368,-13,-7,-12
600,-13,-4,16421,3,0,0
601,37,74,16436,15,9,8
602,135,119,16347,18,28,24
603,187,121,16458,31,32,24
604,202,208,16462,39,37,29
605,330,244,16455,45,45,28
606,361,281,16504,48,38,22
607,381,297,16531,48,32,13
608,434,321,16457,46,23,5
609,423,296,16523,36,12,-8
610,472,278,16535,30,-4,-20
611,475,281,16554,17,-20,-26
612,511,209,16537,5,-27,-27
613,475,191,16513,-7,-35,-32
614,485,156,16501,-19,-37,-28
615,462,88,16594,-30,-44,-17
616,461,17,16513,-39,-40,-6
617,412,-37,16567,-44,-30,3
618,377,-79,16585,-45,-20,11
619,330,-132,16556,-51,-16,25
620,348,-200,16590,-49,6,29
621,243,-187,16595,-39,12,33
622,179,-238,16558,-34,27,29
623,83,-275,16528,-19,27,20
624,62,-319,16559,-13,30,13
625,7,-292,16588,-2,44,-1
626,-60,-277,16535,12,38,-11
627,-143,-255,16575,20,39,-22
628,-207,-263,16537,35,23,-29
629,-221,-213,16543,40,11,-28
630,-311,-161,16538,46,4,-29
631,-311,-114,16574,45,-12,-23
632,-375,-64,16593,46,-20,-12
633,-424,-2,16486,48,-32,-5
634,-453,12,16506,32,-40,10
635,-496,94,16541,33,-44,18
636,-450,124,16476,16,-38,24
637,-472,208,16536,7,-33,32
638,-512,235,16534,-12,-20,32
639,-490,241,16509,-21,-12,25
640,-459,298,16484,-25,0,16
641,-465,279,16504,-41,14,9
642,-420,292,16433,-42,21,-6
643,-360,287,16462,-50,32,-16
644,-323,260,16516,-49,35,-25
645,-259,246,16424,-47,42,-31
646,-229,193,16368,-37,38,-33
647,-180,154,16353,-35,34,-27
648,-127,80,16418,-23,23,-21
649,-68,50,16407,-16,8,-11
650,5,-25,16378,1,-2,0
651,104,-69,16355,14,-13,11
652,113,-111,16381,20,-25,20
653,170,-162,16367,35,-34,29
654,230,-198,16379,46,-45,35
655,304,-289,16377,47,-39,29
656,375,-303,16268,51,-38,24
657,369,-337,16321,46,-39,14
658,434,-290,16320,47,-27,6
659,493,-271,16257,37,-7,-6
660,470,-263,16251,31,-4,-17
661,455,-288,16228,20,11,-22
662,519,-228,16251,2,24,-27
663,508,-199,16257,-5,33,-27
664,508,-144,16198,-15,38,-24
665,485,-77,16211,-28,40,-18
666,395,-33,16206,-42,39,-7
667,442,23,16223,-45,36,5
668,380,52,16174,-49,25,14
669,313,134,16194,-50,11,24
670,291,176,16210,-47,-3,29
671,229,248,16268,-46,-12,30
672,159,241,16176,-28,-21,27
673,138,286,16185,-24,-36,24
674,61,264,16183,-16,-37,9
675,-20,289,16191,3,-41,-2
676,-81,284,16210,9,-40,-9
677,-142,263,16133,21,-34,-21
678,-174,246,16198,35,-22,-25
679,-253,230,16151,41,-16,-25
680,-296,171,16194,42,1,-30
681,-352,119,16198,46,12,-20
682,-371,87,16168,51,27,-18
683,-411,30,16262,49,28,-5
684,-493,-22,16216,41,40,8
685,-465,-92,16228,35,40,19
686,-505,-175,16270,13,36,27
687,-495,-200,16225,4,34,28
688,-477,-228,16236,-4,17,28
689,-460,-249,16232,-18,14,22
690,-484,-293,16290,-30,-6,19
691,-435,-304,16301,-37,-11,11
692,-438,-308,16322,-48,-23,-4
693,-410,-300,16301,-50,-32,-14
694,-375,-282,16315,-47,-36,-23
695,-313,-255,16321,-50,-38,-34
696,-248,-212,16324,-38,-39,-28
697,-184,-141,16351,-27,-33,-28
698,-117,-115,16385,-21,-20,-19
699,-55,-54,16389,-13,-9,-12
700,12,27,16394,-3,-1,-4
701,58,43,16402,13,10,11
702,131,121,16352,23,26,22
703,207,167,16364,27,29,27
704,239,206,16467,44,41,29
705,285,263,16403,42,39,27
706,349,270,16475,47,39,22
707,404,283,16483,52,35,18
708,440,275,16479,47,24,0
709,476,287,16486,37,15,-6
710,446,295,16496,30,2,-18
711,443,262,16541,18,-11,-27
712,529,254,16514,13,-20,-31
713,490,182,16528,-4,-29,-22
714,532,139,16547,-14,-41,-25
715,481,93,16506,-28,-36,-17
716,409,11,16540,-36,-37,-6
717,405,-29,16564,-41,-31,5
718,370,-82,16546,-45,-22,15
719,382,-114,16559,-46,-15,26
720,283,-170,16549,-49,1,29
721,245,-216,16543,-46,14,30
722,170,-246,16593,-39,26,25
723,135,-269,16590,-24,28,23
724,53,-312,16592,-5,40,8
725,0,-277,16543,0,38,0
726,-64,-276,16580,12,44,-10
727,-123,-260,16582,29,33,-22
728,-168,-266,16576,32,24,-28
729,-229,-261,16553,38,12,-32
730,-293,-168,16643,46,1,-30
731,-363,-116,16571,48,-8,-26
732,-390,-67,16578,49,-28,-13
733,-389,-37,16548,48,-24,-3
734,-443,30,16592,38,-35,5
735,-444,106,16530,30,-39,18
736,-470,156,16525,16,-37,24
737,-498,183,16534,3,-32,26
738,-479,222,16520,-7,-32,30
739,-511,266,16464,-21,-15,25
740,-480,305,16474,-25,0,18
741,-453,329,16549,-42,6,10
742,-400,301,16523,-44,21,0
743,-370,277,16430,-52,31,-12
744,-337,261,16481,-45,37,-23
745,-265,217,16415,-48,44,-29
746,-222,231,16478,-41,42,-32
747,-205,177,16374,-32,33,-28
748,-105,138,16398,-23,19,-21
749,-52,59,16434,-13,14,-11
750,23,30,16408,-5,1,-1
751,37,-41,16344,15,-9,10
752,118,-83,16388,23,-25,19
753,187,-149,16297,33,-32,30
754,228,-212,16384,42,-39,29
755,282,-239,16329,56,-41,29
756,325,-238,16263,51,-33,23
757,396,-272,16303,48,-31,12
758,444,-287,16299,53,-25,2
759,430,-292,16319,40,-7,-9
760,472,-292,16207,27,-2,-20
761,478,-267,16274,16,11,-23
762,495,-247,16245,5,22,-27
763,480,-199,16200,-5,23,-32
764,505,-156,16232,-22,40,-26
765,496,-101,16176,-27,38,-20
766,447,-19,16269,-37,34,-9
767,435,11,16263,-46,28,7
768,372,61,16221,-49,26,13
769,331,135,16188,-48,13,24
770,268,182,16152,-45,2,29
771,269,233,16161,-37,-17,32
772,203,265,16144,-36,-25,28
773,137,270,16198,-26,-37,19
774,78,283,16174,-12,-34,12
775,-23,296,16215,-3,-38,0
776,-109,281,16181,10,-39,-9
777,-109,289,16189,28,-37,-19
778,-205,256,16140,35,-22,-28
779,-237,217,16139,44,-5,-27
780,-276,163,16181,48,5,-29
781,-342,120,16187,53,10,-21
782,-395,66,16152,45,22,-16
783,-431,37,16177,46,28,-4
784,-454,-44,16203,39,42,8
785,-459,-102,16238,28,33,17
786,-462,-159,16266,16,34,29
787,-497,-173,16234,3,32,28
788,-490,-201,16265,0,23,30
789,-479,-264,16321,-13,18,27
790,-503,-278,16270,-28,-1,14
791,-459,-283,16241,-44,-13,6
792,-432,-319,16270,-48,-24,-3
793,-372,-290,16300,-47,-35,-16
794,-336,-248,16310,-54,-38,-21
795,-270,-249,16294,-46,-37,-24
796,-204,-226,16356,-40,-40,-32
797,-177,-155,16384,-33,-33,-30
798,-133,-111,16343,-22,-26,-22
799,-42,-72,16346,-17,-14,-8
800,-22,-21,16396,1,0,-5
801,47,68,16419,11,15,13
802,138,115,16430,25,23,20
803,180,166,16409,31,31,32
804,244,192,16423,41,39,30
805,261,254,16478,48,36,29
806,377,272,16432,51,34,22
807,379,321,16441,45,36,13
808,416,282,16419,40,18,0
809,450,310,16462,41,9,-9
810,480,281,16516,32,0,-18
811,477,253,16470,18,-14,-25
812,510,212,16541,3,-27,-27
813,515,217,16542,-11,-34,-28
814,497,128,16560,-20,-33,-22
815,459,110,16625,-24,-39,-20
816,469,34,16495,-40,-39,-3
817,416,-24,16599,-40,-32,1
818,392,-78,16569,-48,-25,13
819,317,-130,16601,-45,-15,21
820,293,-184,16559,-49,2,26
821,222,-219,16615,-39,13,28
822,198,-237,16608,-28,19,28
823,107,-285,16547,-20,32,20
824,69,-297,16693,-15,37,13
825,-12,-301,16617,-1,35,-3
826,-64,-295,16606,9,40,-10
827,-144,-296,16588,27,29,-24
828,-207,-250,16589,34,24,-27
829,-212,-224,16554,38,11,-29
830,-268,-166,16561,46,-1,-29
831,-380,-135,16566,52,-8,-23
832,-356,-89,16581,49,-20,-15
833,-374,0,16544,42,-30,-4
834,-443,42,16541,41,-34,7
835,-487,105,16526,28,-35,16
836,-482,167,16535,17,-38,25
837,-507,199,16510,6,-30,25
838,-502,236,16520,-2,-22,28
839,-493,279,16495,-18,-9,26
840,-481,300,16532,-28,4,23
841,-436,263,16439,-44,16,5
842,-477,297,16537,-43,23,-5
843,-385,262,16398,-52,35,-14
844,-333,271,16473,-49,36,-21
845,-293,252,16459,-44,41,-27
846,-244,217,16465,-36,33,-31
847,-210,146,16404,-37,28,-29
848,-141,103,16412,-24,26,-24
849,-55,70,16352,-16,13,-12
850,-6,-10,16423,4,1,-3
851,67,-59,16399,16,-10,9
852,140,-89,16382,23,-17,23
853,189,-153,16384,36,-35,29
854,229,-198,16336,46,-37,29
855,264,-265,16350,49,-40,30
856,336,-266,16281,46,-38,25
857,387,-284,16256,51,-31,15
858,431,-300,16316,46,-27,3
859,467,-306,16284,41,-14,-10
860,468,-284,16239,30,0,-16
861,478,-262,16265,17,10,-28
862,500,-225,16225,-3,19,-32
863,512,-198,16227,-1,22,-30
864,468,-123,16241,-19,36,-27
865,470,-122,16277,-27,44,-17
866,452,-32,16211,-34,39,-7
867,383,12,16186,-48,34,4
868,386,110,16232,-43,21,8
869,372,112,16210,-49,13,25
870,311,197,16166,-49,0,26
871,230,224,16199,-46,-9,28
872,204,257,16174,-36,-22,27
873,129,284,16151,-21,-35,18
874,39,286,16238,-10,-42,12
875,-7,291,16109,0,-39,0
876,-71,285,16219,13,-43,-9
877,-138,275,16102,25,-36,-25
878,-174,226,16204,32,-29,-27
879,-269,246,16164,38,-11,-28
880,-317,160,16179,43,0,-28
881,-320,105,16229,50,12,-25
882,-305,56,16201,46,19,-14
883,-433,-9,16165,42,28,-3
884,-423,-84,16198,39,41,7
885,-466,-79,16230,22,45,17
886,-460,-141,16230,15,38,24
887,-510,-211,16264,8,27,31
888,-514,-266,16294,-8,21,33
889,-477,-233,16272,-17,11,24
890,-465,-303,16301,-31,-1,17
891,-414,-285,16341,-32,-10,7
892,-444,-276,16306,-41,-22,-2
893,-411,-288,16297,-50,-30,-13
894,-399,-260,16289,-53,-34,-23
895,-256,-238,16298,-47,-40,-33
896,-269,-192,16283,-38,-43,-32
897,-203,-159,16349,-38,-37,-27
898,-136,-104,16378,-21,-19,-17
899,-45,-62,16379,-11,-14,-13
900,11,-3,16378,4,5,0
901,67,61,16435,7,10,8
902,96,94,16444,28,22,20
903,215,162,16430,32,34,25
904,209,187,16443,42,42,29
905,292,257,16472,39,41,27
906,359,277,16451,54,35,22
907,393,293,16444,46,31,15
908,393,303,16474,41,22,5
909,428,270,16435,42,14,-5
910,463,291,16504,27,-2,-19
911,456,242,16499,23,-12,-28
912,501,231,16539,1,-24,-30
913,508,184,16494,-8,-29,-27
914,492,147,16536,-16,-39,-26
915,473,52,16503,-31,-41,-18
916,452,33,16592,-41,-34,-8
917,405,3,16543,-45,-30,2
918,414,-71,16558,-43,-21,18
919,354,-121,16545,-49,-11,20
920,298,-161,16614,-47,2,28
921,238,-192,16558,-44,13,30
922,212,-258,16585,-31,26,28
923,129,-277,16542,-29,30,18
924,55,-269,16616,-10,41,8
925,10,-281,16591,-1,38,-2
926,-62,-302,16631,10,32,-14
927,-128,-273,16526,28,38,-17
928,-204,-232,16607,33,24,-28
929,-229,-209,16566,38,10,-31
930,-302,-150,16575,48,6,-31
931,-374,-139,16532,54,-13,-25
932,-377,-47,16548,50,-22,-14
933,-426,22,16541,47,-34,-6
934,-455,42,16573,39,-43,7
935,-468,102,16484,34,-40,16
936,-483,153,16556,16,-41,29
937,-508,191,16475,9,-32,30
938,-476,227,16504,-2,-19,34
939,-502,300,16495,-18,-6,26
940,-470,275,16560,-27,0,17
941,-452,278,16441,-39,9,9
942,-438,289,16486,-47,22,-2
943,-405,295,16450,-48,33,-13
944,-367,267,16509,-54,39,-23
945,-300,240,16483,-48,41,-28
946,-206,200,16452,-45,39,-28
947,-177,152,16415,-36,30,-26
948,-140,116,16389,-25,26,-20
949,-71,79,16412,-12,10,-10
950,19,10,16402,0,-2,-1
951,92,-61,16371,16,-11,12
952,140,-82,16336,26,-29,20
953,226,-145,16362,30,-32,27
954,251,-219,16362,42,-40,28
955,305,-253,16370,51,-38,28
956,336,-267,16272,46,-35,24
957,379,-286,16324,43,-29,15
958,427,-294,16270,47,-23,1
959,443,-303,16248,38,-13,-6
960,484,-290,16269,29,3,-19
961,517,-272,16265,14,14,-27
962,520,-234,16234,3,26,-29
963,497,-210,16291,-4,37,-28
964,470,-145,16220,-22,38,-23
965,498,-100,16190,-29,41,-16
966,455,-49,16197,-40,40,-10
967,429,2,16238,-49,25,5
968,403,78,16174,-45,21,14
969,289,138,16266,-52,14,22
970,320,174,16258,-47,0,29
971,259,214,16249,-40,-13,29
972,164,254,16210,-36,-23,23
973,141,270,16176,-22,-32,19
974,103,305,16178,-15,-43,12
975,8,290,16210,0,-39,1
976,-71,269,16155,9,-41,-8
977,-84,298,16213,22,-34,-20
978,-217,238,16149,34,-24,-24
979,-216,223,16174,43,-14,-30
980,-266,204,16209,44,-1,-27
981,-346,123,16179,43,11,-24
982,-378,59,16226,49,22,-12
983,-420,48,16209,46,38,-3
984,-506,-35,16186,32,38,9
985,-478,-92,16201,28,45,17
986,-551,-135,16278,25,35,23
987,-489,-184,16247,12,35,28
988,-551,-208,16219,-8,22,29
989,-485,-291,16266,-14,10,27
990,-470,-272,16314,-34,-5,17
991,-476,-309,16306,-39,-11,7
992,-417,-315,16222,-48,-23,-5
993,-357,-277,16311,-47,-34,-11
994,-353,-258,16340,-49,-32,-22
995,-292,-236,16301,-47,-37,-33
996,-288,-207,16337,-39,-41,-27
997,-191,-174,16326,-30,-30,-25
998,-187,-134,16345,-21,-25,-17
999,-75,-87,16332,-9,-15,-11
1000,-20,36,16433,0,0,0
1001,84,66,16461,11,14,10
1002,116,102,16366,19,18,22
1003,195,139,16418,32,36,24
1004,253,168,16469,43,35,25
1005,295,241,16467,48,39,23
1006,344,274,16492,54,42,21
1007,407,296,16431,47,34,16
1008,400,288,16469,46,23,2
1009,448,299,16455,43,10,-5
1010,509,292,16537,30,0,-13
1011,515,241,16514,20,-7,-25
1012,511,210,16554,7,-21,-33
1013,490,199,16543,-6,-35,-30
1014,488,149,16553,-15,-42,-25
1015,471,80,16592,-27,-37,-19
1016,482,14,16548,-38,-40,-4
1017,406,-28,16579,-45,-31,1
1018,357,-61,16572,-53,-21,14
1019,316,-137,16569,-53,-7,25
1020,278,-177,16608,-48,0,30
1021,236,-232,16624,-44,15,33
1022,184,-242,16606,-29,22,28
1023,133,-266,16556,-23,31,20
1024,60,-278,16586,-13,32,11
1025,-7,-284,16564,2,39,0
1026,-44,-277,16579,9,38,-14
1027,-120,-272,16570,23,27,-21
1028,-197,-250,16542,38,16,-26
1029,-211,-206,16595,45,11,-28
1030,-277,-150,16583,43,-4,-26
1031,-366,-138,16554,44,-14,-24
1032,-361,-58,16565,49,-19,-15
1033,-433,-20,16562,47,-33,-1
1034,-479,29,16568,39,-28,8
1035,-451,81,16554,27,-42,15
1036,-477,156,16568,20,-40,25
1037,-498,197,16540,6,-24,28
1038,-491,238,16540,0,-25,25
1039,-458,255,16481,-16,-17,25
1040,-438,300,16462,-25,0,18
1041,-442,301,16534,-35,10,11
1042,-416,316,16523,-49,25,-4
1043,-393,272,16465,-48,31,-10
1044,-344,284,16452,-52,35,-20
1045,-318,220,16495,-53,46,-31
1046,-262,227,16406,-37,38,-33
1047,-166,147,16427,-35,31,-27
1048,-122,110,16318,-23,19,-23
1049,-77,29,16426,-15,8,-14
1050,14,30,16381,2,1,-3
1051,50,-51,16386,11,-16,6
1052,135,-109,16342,27,-18,21
1053,190,-180,16327,31,-28,25
1054,220,-196,16332,46,-32,28
1055,299,-260,16293,49,-38,30
1056,387,-271,16324,50,-36,26
1057,384,-302,16301,45,-30,15
1058,408,-284,16299,45,-22,3
1059,465,-301,16308,43,-10,-9
1060,470,-274,16240,28,6,-20
1061,495,-260,16258,15,9,-23
1062,524,-254,16285,8,21,-29
1063,490,-206,16226,-8,30,-28
1064,480,-151,16200,-20,38,-25
1065,459,-77,16273,-29,38,-19
1066,447,-62,16262,-37,39,-7
1067,421,16,16156,-49,25,4
1068,412,103,16190,-46,25,15
1069,358,141,16240,-50,17,23
1070,280,167,16221,-47,-2,28
1071,257,234,16196,-42,-7,30
1072,182,261,16159,-33,-22,26
1073,120,287,16222,-18,-32,19
1074,50,305,16199,-13,-36,12
1075,22,283,16210,-3,-40,0
1076,-64,310,16127,9,-39,-8
1077,-138,286,16234,25,-32,-22
1078,-169,257,16183,28,-20,-26
1079,-246,224,16182,45,-10,-29
1080,-297,183,16174,45,-3,-31
1081,-331,103,16194,54,12,-25
1082,-383,92,16234,45,24,-16
1083,-411,22,16176,45,31,-2
1084,-452,-39,16234,33,43,6
1085,-456,-68,16222,32,41,16
1086,-485,-152,16305,16,36,25
1087,-494,-206,16278,0,33,28
1088,-487,-262,16234,-11,27,26
1089,-486,-259,16229,-15,14,24
1090,-465,-281,16238,-31,2,18
1091,-457,-295,16255,-36,-13,7
1092,-431,-319,16308,-43,-23,0
1093,-368,-251,16306,-47,-36,-14
1094,-332,-266,16348,-52,-43,-24
1095,-297,-246,16278,-46,-35,-25
1096,-233,-172,16365,-46,-39,-28
1097,-144,-176,16361,-29,-33,-27
1098,-138,-79,16397,-28,-23,-23
1099,-101,-35,16415,-8,-12,-10
1100,19,-23,16336,-1,1,4
1101,86,30,16353,15,11,12
1102,124,92,16416,27,31,19
1103,197,167,16435,31,31,26
1104,205,211,16433,42,32,29
1105,300,242,16446,49,44,27
1106,337,283,16447,52,45,24
1107,399,297,16418,50,32,11
1108,385,274,16545,44,23,2
1109,476,320,16483,42,10,-6
1110,476,302,16540,27,-1,-20
1111,472,264,16517,18,-8,-27
1112,539,232,16494,5,-21,-31
1113,485,230,16530,-5,-37,-30
1114,498,129,16516,-14,-35,-24
1115,492,117,16531,-29,-42,-18
1116,417,39,16597,-37,-33,-4
1117,434,-16,16578,-44,-27,3
1118,363,-73,16542,-39,-21,15
1119,357,-120,16528,-54,-9,20
1120,281,-181,16596,-46,0,27
1121,243,-191,16568,-43,13,32
1122,160,-259,16606,-30,22,29
1123,106,-258,16581,-23,26,21
1124,53,-290,16588,-13,43,8
1125,-11,-291,16608,-2,37,-1
1126,-76,-306,16619,16,40,-14
1127,-98,-301,16551,23,36,-16
1128,-193,-247,16592,35,22,-28
1129,-244,-228,16580,41,13,-32
1130,-343,-189,16548,47,-6,-27
1131,-351,-119,16560,49,-13,-25
1132,-371,-90,16572,49,-23,-15
1133,-437,-7,16576,45,-33,-2
1134,-439,52,16603,46,-36,7
1135,-462,85,16543,26,-33,14
1136,-500,126,16582,17,-47,22
1137,-478,197,16497,8,-31,27
1138,-488,234,16577,-8,-25,30
1139,-476,273,16516,-20,-18,29
1140,-470,309,16525,-32,3,20
1141,-456,295,16495,-35,9,4
1142,-438,284,16469,-41,21,-3
1143,-358,275,16480,-53,25,-11
1144,-363,278,16427,-44,38,-23
1145,-279,234,16487,-47,42,-26
1146,-249,220,16464,-42,34,-29
1147,-178,152,16434,-36,33,-26
1148,-125,109,16424,-25,21,-20
1149,-26,40,16441,-11,11,-11
1150,-14,-2,16405,2,-4,1
1151,53,-72,16385,12,-15,6
1152,148,-121,16298,24,-23,22
1153,190,-185,16305,34,-26,22
1154,267,-212,16315,43,-36,30
1155,323,-224,16372,50,-39,28
1156,351,-259,16333,48,-44,22
1157,369,-299,16246,44,-38,14
1158,452,-310,16280,43,-20,6
1159,424,-308,16241,39,-13,-7
1160,481,-286,16300,32,0,-19
1161,495,-263,16278,22,9,-21
1162,495,-221,16255,9,28,-31
1163,504,-178,16246,-5,34,-28
1164,484,-149,16211,-21,35,-27
1165,464,-84,16186,-24,40,-16
1166,460,-56,16222,-41,36,-8
1167,415,40,16240,-45,25,4
1168,368,80,16234,-51,24,15
1169,377,143,16269,-50,12,24
1170,293,153,16223,-48,-4,30
1171,208,207,16224,-42,-9,27
1172,148,235,16194,-33,-25,24
1173,84,266,16189,-21,-34,19
1174,7,292,16164,-11,-40,9
1175,13,303,16179,-4,-44,0
1176,-60,284,16188,8,-35,-11
1177,-90,274,16189,24,-31,-25
1178,-198,262,16220,31,-26,-26
1179,-282,226,16195,44,-13,-30
1180,-291,168,16220,47,-3,-28
1181,-361,112,16134,51,14,-20
1182,-400,68,16170,46,21,-16
1183,-434,19,16256,46,30,-2
1184,-459,-35,16208,41,38,9
1185,-474,-92,16204,33,37,23
1186,-463,-169,16175,16,35,24
1187,-517,-205,16214,8,30,27
1188,-508,-256,16270,0,21,26
1189,-534,-258,16274,-15,17,22
1190,-462,-287,16303,-32,-1,17
1191,-457,-285,16282,-31,-8,9
1192,-412,-329,16269,-41,-27,-2
1193,-375,-278,16314,-52,-30,-15
1194,-302,-278,16266,-49,-37,-21
1195,-286,-239,16305,-48,-39,-30
1196,-267,-195,16316,-41,-37,-27
1197,-188,-161,16351,-34,-31,-24
1198,-129,-115,16414,-22,-25,-20
1199,-46,-52,16385,-15,-18,-8
1200,-13,-4,16379,-1,-2,0
1201,30,40,16412,9,12,9
1202,101,131,16416,22,25,20
1203,198,121,16442,33,35,29
1204,270,214,16435,40,43,31
1205,267,226,16409,43,41,29
1206,298,305,16446,46,37,26
1207,376,282,16492,44,37,15
1208,451,302,16454,48,21,3
1209,446,274,16514,44,12,-7
1210,490,262,16561,33,-3,-17
1211,454,246,16498,14,-6,-24
1212,507,230,16482,2,-26,-30
1213,480,194,16582,-4,-30,-28
1214,512,159,16521,-19,-38,-25
1215,488,60,16560,-24,-40,-13
1216,480,68,16542,-37,-38,-10
1217,430,-18,16526,-44,-31,5
1218,346,-28,16532,-50,-22,16
1219,353,-154,16565,-49,-10,26
1220,275,-172,16571,-47,5,27
1221,245,-234,16573,-45,11,32
1222,185,-248,16553,-33,25,26
1223,124,-269,16600,-30,30,23
1224,91,-286,16535,-5,39,11
1225,6,-283,16595,-5,40,0
1226,-70,-303,16566,14,41,-10
1227,-156,-290,16581,19,32,-22
1228,-141,-227,16620,33,24,-26
1229,-206,-234,16531,40,11,-33
1230,-308,-193,16590,50,-2,-27
1231,-347,-132,16538,52,-15,-22
1232,-390,-88,16545,45,-24,-16
1233,-421,-10,16539,42,-34,-3
1234,-424,63,16566,38,-41,8
1235,-479,91,16500,29,-35,19
1236,-497,131,16573,11,-38,21
1237,-530,191,16539,2,-33,32
1238,-472,241,16504,-1,-23,26
1239,-484,238,16517,-21,-13,28
1240,-475,279,16533,-26,-1,15
1241,-452,285,16477,-35,14,8
1242,-430,293,16435,-42,19,-3
1243,-409,274,16447,-53,33,-10
1244,-386,275,16436,-48,38,-21
1245,-283,226,16431,-47,37,-30
1246,-225,184,16476,-44,37,-29
1247,-173,155,16443,-31,32,-24
1248,-102,88,16451,-19,24,-23
1249,-67,80,16356,-18,10,-10
1250,-19,-37,16404,2,-2,1
1251,91,-46,16395,8,-11,8
1252,151,-129,16388,22,-27,22
1253,188,-182,16355,36,-35,28
1254,262,-167,16364,37,-42,28
1255,301,-237,16336,43,-45,26
1256,333,-248,16365,47,-45,24
1257,392,-315,16276,56,-34,16
1258,421,-303,16291,42,-24,7
1259,422,-290,16284,33,-18,-6
1260,452,-322,16256,28,-1,-18
1261,473,-273,16297,21,12,-26
1262,505,-203,16285,5,25,-31
1263,489,-219,16297,-5,33,-30
1264,496,-147,16252,-23,37,-25
1265,489,-99,16167,-29,38,-20
1266,463,-21,16191,-40,34,-8
1267,406,35,16216,-49,36,0
1268,361,79,16231,-49,23,15
1269,358,130,16204,-50,14,24
1270,305,160,16167,-43,-1,27
1271,266,220,16196,-43,-12,31
1272,208,271,16245,-35,-25,29
1273,122,275,16183,-25,-31,23
1274,53,293,16169,-10,-35,10
1275,-29,306,16164,-2,-36,0
1276,-76,289,16212,14,-31,-12
1277,-129,298,16184,27,-36,-19
1278,-167,274,16162,37,-19,-29
1279,-246,212,16184,40,-12,-31
1280,-305,149,16196,45,0,-28
1281,-321,137,16204,55,9,-22
1282,-384,78,16207,48,25,-14
1283,-443,5,16242,48,30,-6
1284,-472,-14,16214,39,40,7
1285,-492,-95,16231,27,37,18
1286,-490,-134,16201,15,38,27
1287,-478,-177,16266,6,35,30
1288,-511,-236,16249,-5,24,28
1289,-499,-287,16268,-21,14,26
1290,-462,-272,16256,-26,2,17
1291,-477,-279,16322,-37,-16,7
1292,-428,-309,16247,-46,-22,-2
1293,-409,-285,16324,-50,-34,-15
1294,-387,-287,16307,-47,-40,-25
1295,-290,-223,16312,-51,-41,-28
1296,-220,-199,16337,-43,-43,-30
1297,-197,-139,16323,-34,-33,-27
1298,-124,-96,16378,-21,-25,-20
1299,-63,-55,16358,-13,-11,-13
1300,19,-21,16387,0,3,-1
1301,29,78,16363,8,10,12
1302,150,118,16431,17,27,19
1303,186,143,16415,31,33,27
1304,222,185,16482,39,44,28
1305,256,227,16418,48,42,30
1306,346,258,16422,52,39,22
1307,377,267,16426,51,32,13
1308,436,316,16466,43,23,4
1309,475,285,16492,43,12,-11
1310,489,280,16474,30,1,-17
1311,494,265,16508,21,-12,-28
1312,490,197,16534,7,-20,-30
1313,513,206,16546,-5,-39,-26
1314,491,144,16509,-19,-39,-26
1315,501,101,16562,-29,-43,-17
1316,418,34,16537,-39,-33,-8
1317,412,4,16551,-46,-36,6
1318,365,-70,16563,-52,-24,17
1319,370,-136,16578,-51,-17,21
1320,331,-167,16559,-52,-2,28
1321,260,-212,16498,-43,9,29
1322,221,-268,16594,-35,25,28
1323,123,-277,16619,-29,25,18
1324,61,-279,16527,-10,35,13
1325,9,-273,16619,0,38,1
1326,-69,-280,16671,6,42,-13
1327,-136,-313,16564,26,28,-18
1328,-157,-253,16540,31,26,-29
1329,-238,-236,16532,43,14,-33
1330,-285,-154,16579,46,-3,-26
1331,-351,-172,16585,48,-12,-21
1332,-385,-82,16567,51,-17,-13
1333,-421,-49,16573,45,-34,-4
1334,-433,32,16576,32,-37,9
1335,-476,92,16541,24,-40,17
1336,-473,154,16494,19,-36,27
1337,-468,171,16527,7,-31,33
1338,-537,223,16498,-2,-26,29
1339,-489,273,16505,-19,-9,22
1340,-482,297,16525,-31,-1,15
1341,-454,274,16506,-42,13,6
1342,-416,291,16485,-42,20,-2
1343,-390,249,16438,-42,31,-12
1344,-342,266,16438,-45,35,-25
1345,-331,262,16456,-51,42,-31
1346,-243,212,16451,-39,35,-27
1347,-194,157,16401,-37,37,-26
1348,-115,133,16406,-20,26,-20
1349,-75,54,16408,-6,12,-8
1350,-15,4,16381,0,-1,-1
1351,55,-56,16348,14,-17,14
1352,117,-118,16353,20,-23,21
1353,179,-158,16362,29,-28,27
1354,230,-202,16303,39,-39,27
1355,275,-245,16283,49,-35,31
1356,366,-265,16249,48,-37,23
1357,354,-278,16308,44,-30,16
1358,425,-288,16302,43,-26,5
1359,451,-264,16224,36,-9,-8
1360,462,-298,16262,25,-2,-17
1361,477,-255,16305,20,16,-24
1362,485,-224,16215,1,21,-29
1363,511,-189,16246,-7,30,-27
1364,487,-150,16220,-22,33,-26
1365,454,-94,16163,-33,46,-17
1366,484,-29,16174,-42,35,-4
1367,404,28,16205,-48,32,4
1368,372,58,16211,-45,24,17
1369,358,129,16169,-49,15,21
1370,297,178,16207,-49,-5,30
1371,214,197,16239,-43,-13,32
1372,218,269,16190,-35,-22,30
1373,111,267,16190,-26,-27,15
1374,48,310,16172,-6,-33,11
1375,-30,319,16118,0,-38,2
1376,-40,318,16212,12,-37,-13
1377,-79,300,16210,25,-41,-16
1378,-193,263,16193,35,-26,-26
1379,-225,204,16196,37,-15,-33
1380,-264,175,16217,44,-3,-27
1381,-309,147,16268,50,15,-21
1382,-390,75,16230,50,23,-16
1383,-462,33,16184,41,33,0
1384,-461,-69,16260,43,38,4
1385,-499,-88,16187,29,44,19
1386,-468,-146,16264,19,34,28
1387,-489,-228,16192,6,30,24
1388,-507,-276,16248,-5,15,25
1389,-519,-270,16250,-19,9,27
1390,-483,-282,16267,-29,0,16
1391,-484,-329,16272,-39,-12,9
1392,-417,-339,16277,-44,-22,-4
1393,-360,-316,16250,-47,-30,-14
1394,-350,-277,16371,-48,-41,-25
1395,-283,-229,16316,-48,-41,-30
1396,-268,-184,16320,-46,-38,-31
1397,-180,-167,16320,-35,-31,-28
1398,-130,-122,16372,-21,-26,-19
1399,-41,-50,16409,-10,-11,-13
1400,4,4,16360,-1,0,0
1401,53,54,16447,15,12,12
1402,152,101,16436,18,22,17
1403,223,159,16424,32,35,28
1404,234,198,16392,42,41,27
1405,290,262,16418,48,41,27
1406,319,290,16454,50,38,18
1407,365,276,16472,45,32,15
1408,431,290,16446,37,26,3
1409,513,285,16464,38,3,-7
1410,473,298,16531,26,-4,-19
1411,464,259,16532,16,-10,-24
1412,536,241,16498,2,-23,-30
1413,511,198,16505,-8,-35,-33
1414,516,146,16571,-13,-38,-21
1415,474,104,16539,-30,-39,-18
1416,463,41,16537,-43,-38,-5
1417,417,-4,16580,-43,-28,1
1418,398,-42,16586,-53,-28,14
1419,332,-119,16571,-50,-12,24
1420,241,-165,16576,-49,2,29
1421,225,-236,16569,-39,10,28
1422,148,-249,16585,-30,25,22
1423,127,-274,16595,-25,33,21
1424,72,-306,16602,-12,32,13
1425,-8,-304,16599,3,40,0
1426,-74,-291,16565,9,31,-8
1427,-117,-272,16654,25,36,-21
1428,-190,-239,16556,34,23,-30
1429,-227,-231,16553,39,16,-33
1430,-305,-179,16592,43,1,-31
1431,-351,-117,16586,49,-10,-25
1432,-401,-89,16588,53,-24,-15
1433,-398,-7,16542,41,-26,-3
1434,-471,48,16548,39,-43,5
1435,-502,104,16493,25,-41,15
1436,-462,134,16519,12,-36,24
1437,-499,174,16465,5,-32,28
1438,-498,215,16487,-4,-26,28
1439,-540,276,16516,-18,-4,25
1440,-462,281,16507,-27,1,17
1441,-423,298,16504,-38,7,10
1442,-465,306,16489,-40,25,-1
1443,-392,300,16490,-47,35,-17
1444,-373,272,16438,-54,40,-22
1445,-288,237,16459,-44,40,-27
1446,-279,213,16447,-44,41,-32
1447,-195,155,16459,-33,32,-26
1448,-130,122,16447,-23,23,-23
1449,-76,68,16436,-13,15,-5
1450,15,22,16375,-3,-1,1
1451,55,-49,16359,9,-16,15
1452,156,-115,16396,23,-26,23
1453,169,-140,16365,35,-34,26
1454,246,-221,16318,45,-38,31
1455,278,-242,16325,45,-38,27
1456,349,-257,16288,51,-39,23
1457,434,-303,16274,51,-33,12
1458,445,-317,16285,46,-22,6
1459,432,-287,16319,34,-11,-9
1460,503,-278,16296,33,2,-18
1461,509,-246,16251,18,13,-28
1462,496,-246,16227,0,22,-28
1463,505,-184,16215,-8,35,-29
1464,501,-150,16195,-17,36,-24
1465,455,-104,16186,-33,40,-19
1466,436,-10,16240,-35,36,-8
1467,420,16,16157,-46,37,3
1468,374,71,16189,-46,22,15
1469,331,131,16178,-53,7,23
1470,279,170,16153,-42,6,28
1471,263,220,16168,-42,-12,28
1472,175,253,16176,-34,-21,25
1473,132,285,16162,-21,-27,18
1474,46,294,16098,-16,-37,12
1475,-10,306,16156,-1,-44,0
1476,-48,276,16133,14,-38,-10
1477,-114,297,16166,20,-22,-18
1478,-178,241,16110,32,-18,-29
1479,-215,215,16260,43,-8,-31
1480,-290,189,16234,49,1,-31
1481,-361,129,16201,49,9,-27
1482,-409,81,16221,47,23,-14
1483,-419,1,16169,45,30,-4
1484,-478,-3,16225,34,40,6
1485,-448,-88,16184,32,37,20
1486,-499,-120,16195,16,40,26
1487,-495,-167,16284,8,31,26
1488,-525,-240,16227,-10,23,28
1489,-468,-270,16183,-16,13,28
1490,-473,-302,16234,-25,8,18
1491,-440,-307,16275,-32,-11,8
1492,-411,-292,16270,-44,-20,-1
1493,-363,-330,16299,-49,-31,-15
1494,-376,-270,16330,-52,-38,-24
1495,-303,-248,16297,-49,-42,-28
1496,-238,-223,16296,-43,-35,-31
1497,-175,-182,16322,-38,-26,-27
1498,-143,-111,16370,-21,-19,-18
1499,-96,-63,16348,-13,-12,-10
1500,56,-1,16387,-1,3,0
1501,61,76,16400,19,14,11
1502,114,111,16419,19,20,17
1503,211,131,16453,39,29,26
1504,236,223,16440,43,39,29
1505,275,256,16417,50,39,25
1506,352,285,16441,52,36,24
1507,384,301,16443,47,27,15
1508,423,288,16466,40,20,5
1509,461,289,16468,44,13,-6
1510,453,271,16487,24,0,-12
1511,520,279,16489,17,-9,-26
1512,512,224,16549,4,-24,-29
1513,524,184,16523,-7,-31,-27
1514,488,153,16549,-23,-40,-23
1515,475,87,16549,-30,-34,-16
1516,422,21,16510,-44,-37,-5
1517,400,-32,16555,-49,-25,1
1518,371,-79,16513,-44,-30,14
1519,323,-138,16608,-52,-10,23
1520,261,-156,16530,-46,-3,32
1521,283,-214,16542,-40,7,31
1522,202,-238,16597,-32,22,26
1523,139,-293,16572,-25,32,18
1524,70,-295,16610,-6,41,9
1525,17,-313,16586,2,39,-1
1526,-56,-296,16582,8,35,-9
1527,-139,-277,16543,29,30,-21
1528,-184,-241,16577,34,21,-25
1529,-224,-242,16542,41,12,-27
1530,-266,-184,16552,49,-1,-29
1531,-350,-145,16586,46,-13,-24
1532,-389,-98,16559,49,-30,-9
1533,-450,0,16539,45,-33,-2
1534,-417,31,16537,35,-38,6
1535,-452,70,16531,27,-39,17
1536,-506,151,16576,13,-39,26
1537,-516,186,16550,5,-31,28
1538,-493,227,16532,-10,-23,32
1539,-507,239,16483,-18,-14,23
1540,-504,278,16526,-32,-5,16
1541,-476,308,16498,-36,16,4
1542,-423,299,16487,-41,23,-4
1543,-395,308,16504,-49,33,-17
1544,-360,263,16486,-42,38,-21
1545,-268,242,16467,-49,35,-31
1546,-234,209,16408,-40,35,-29
1547,-181,162,16361,-34,27,-24
1548,-102,130,16425,-26,13,-21
1549,-70,45,16378,-13,8,-9
1550,5,7,16364,-1,0,1
1551,58,-53,16389,14,-14,12
1552,96,-122,16409,17,-23,21
1553,193,-122,16368,33,-32,25
1554,248,-223,16324,37,-36,30
1555,261,-238,16343,40,-39,28
1556,360,-283,16327,52,-38,23
1557,405,-272,16265,48,-30,14
1558,403,-305,16301,45,-19,3
1559,462,-287,16260,39,-14,-7
1560,502,-252,16252,31,0,-19
1561,485,-249,16226,21,14,-22
1562,478,-245,16286,5,22,-28
1563,497,-182,16189,-10,29,-29
1564,520,-151,16274,-18,32,-27
1565,451,-83,16210,-25,40,-19
1566,491,-43,16203,-37,31,-5
1567,439,41,16199,-44,33,3
1568,363,79,16176,-48,22,15
1569,317,110,16208,-57,17,22
1570,301,204,16212,-53,0,28
1571,243,211,16213,-38,-13,28
1572,184,259,16199,-37,-26,24
1573,137,254,16224,-20,-35,19
1574,73,282,16178,-8,-38,10
1575,6,287,16178,-2,-43,-1
1576,-42,290,16182,12,-35,-14
1577,-127,263,16189,24,-26,-22
1578,-198,240,16207,33,-24,-26
1579,-249,261,16211,41,-18,-31
1580,-292,159,16229,42,0,-28
1581,-375,126,16228,50,9,-21
1582,-368,67,16189,49,18,-17
1583,-434,24,16218,45,35,-6
1584,-472,-35,16199,30,34,5
1585,-470,-92,16230,29,42,18
1586,-491,-128,16259,20,42,25
1587,-472,-184,16265,9,31,31
1588,-487,-215,16233,-5,22,30
1589,-479,-274,16216,-17,14,27
1590,-466,-269,16282,-26,1,21
1591,-452,-287,16252,-43,-13,7
1592,-459,-309,16293,-45,-23,-2
1593,-362,-280,16314,-49,-28,-16
1594,-340,-300,16316,-47,-33,-21
1595,-270,-253,16297,-43,-36,-28
1596,-250,-221,16284,-44,-36,-29
1597,-179,-138,16348,-34,-33,-26
1598,-132,-117,16397,-22,-29,-17
1599,-69,-43,16357,-11,-12,-14
1600,-36,30,16357,1,-2,0
1601,89,66,16413,12,8,10
1602,111,121,16464,24,21,22
1603,183,162,16431,36,37,27
1604,244,219,16402,46,39,29
1605,312,222,16418,44,35,24
1606,365,263,16519,48,42,20
1607,387,306,16439,50,30,14
1608,397,296,16454,47,18,2
1609,471,300,16492,32,15,-6
1610,483,316,16483,30,0,-18
1611,531,241,16582,14,-16,-25
1612,523,201,16497,6,-20,-28
1613,460,192,16527,-4,-28,-28
1614,495,122,16502,-19,-40,-28
1615,487,92,16537,-34,-44,-17
1616,457,30,16630,-41,-37,-4
1617,421,-24,16570,-47,-34,5
1618,356,-96,16599,-45,-18,12
1619,368,-122,16588,-49,-5,24
1620,285,-168,16550,-52,3,27
1621,196,-237,16558,-37,15,28
1622,200,-262,16607,-32,23,26
1623,127,-276,16600,-20,36,22
1624,53,-279,16612,-15,40,11
1625,12,-323,16571,1,44,0
1626,-67,-287,16534,15,38,-13
1627,-132,-275,16564,25,31,-20
1628,-174,-290,16577,36,23,-30
1629,-219,-230,16552,45,18,-29
1630,-285,-179,16543,48,3,-29
1631,-302,-131,16541,50,-6,-23
1632,-375,-69,16537,48,-27,-16
1633,-419,-3,16591,45,-36,0
1634,-443,35,16581,39,-30,8
1635,-464,68,16500,35,-36,17
1636,-516,135,16578,11,-39,26
1637,-494,194,16584,4,-36,28
1638,-511,219,16500,-9,-25,28
1639,-475,237,16521,-18,-10,26
1640,-486,314,16497,-25,0,18
1641,-455,297,16496,-37,13,10
1642,-417,295,16470,-42,25,-7
1643,-383,305,16481,-46,30,-14
1644,-349,262,16474,-55,36,-21
1645,-305,254,16432,-47,38,-29
1646,-248,219,16450,-39,37,-31
1647,-207,170,16487,-35,33,-27
1648,-122,100,16422,-19,20,-19
1649,-75,52,16388,-17,10,-12
1650,22,30,16373,-6,1,0
1651,73,-15,16364,16,-10,10
1652,135,-104,16368,28,-22,21
1653,171,-178,16356,30,-28,24
1654,272,-215,16365,42,-37,27
1655,287,-252,16289,48,-38,28
1656,334,-257,16283,48,-42,23
1657,369,-322,16233,45,-29,12
1658,454,-299,16306,42,-27,3
1659,438,-312,16229,37,-7,-6
1660,468,-307,16269,22,0,-20
1661,485,-272,16231,15,12,-25
1662,513,-268,16292,3,23,-29
1663,520,-173,16251,-9,34,-32
1664,491,-143,16273,-19,34,-23
1665,498,-79,16233,-26,38,-20
1666,448,-48,16192,-42,34,-3
1667,408,25,16225,-46,29,4
1668,404,50,16258,-50,26,14
1669,349,116,16173,-54,9,20
1670,248,163,16176,-44,7,32
1671,239,236,16219,-41,-11,26
1672,169,272,16190,-29,-24,33
1673,87,282,16169,-20,-29,18
1674,55,289,16206,-13,-40,12
1675,2,296,16132,-1,-39,0
1676,-88,321,16172,9,-39,-11
1677,-147,259,16184,28,-32,-22
1678,-215,238,16162,40,-15,-25
1679,-250,216,16186,42,-15,-26
1680,-280,198,16191,50,2,-25
1681,-330,135,16166,56,8,-23
1682,-360,63,16155,51,29,-16
1683,-422,27,16272,48,32,-4
1684,-426,-13,16208,41,39,8
1685,-464,-87,16243,30,45,15
1686,-467,-127,16162,20,40,24
1687,-491,-188,16270,9,31,30
1688,-493,-213,16294,-8,25,28
1689,-493,-279,16255,-17,16,26
1690,-475,-277,16272,-33,4,17
1691,-460,-295,16271,-38,-12,6
1692,-432,-264,16282,-51,-21,-2
1693,-392,-321,16255,-50,-33,-10
1694,-345,-284,16279,-53,-41,-26
1695,-305,-242,16291,-47,-35,-24
1696,-215,-200,16296,-40,-38,-30
1697,-157,-165,16366,-29,-33,-28
1698,-118,-71,16383,-25,-23,-22
1699,-49,-54,16345,-12,-13,-9
1700,-10,-18,16401,-4,2,4
1701,67,56,16334,13,17,10
1702,126,94,16414,18,24,26
1703,214,122,16445,31,31,29
1704,243,209,16430,43,37,32
1705,287,244,16502,49,39,28
1706,322,290,16463,50,36,21
1707,411,293,16457,49,30,17
1708,392,286,16488,48,22,5
1709,450,288,16524,38,10,-6
1710,457,266,16444,30,0,-18
1711,463,265,16547,17,-11,-26
1712,524,242,16590,5,-27,-30
1713,483,206,16561,-6,-30,-25
1714,530,131,16578,-16,-34,-24
1715,434,88,16539,-31,-41,-16
1716,435,41,16557,-41,-33,-6
1717,428,-11,16540,-42,-34,1
1718,395,-60,16513,-55,-24,16
1719,341,-111,16575,-49,-10,21
1720,284,-198,16597,-46,4,23
1721,244,-236,16588,-42,13,32
1722,197,-248,16598,-40,27,26
1723,145,-243,16589,-24,33,19
1724,38,-295,16637,-12,41,14
1725,7,-308,16659,-4,39,-3
1726,-90,-293,16616,9,38,-10
1727,-146,-250,16574,23,36,-17
1728,-168,-267,16612,28,22,-27
1729,-227,-217,16600,43,8,-30
1730,-294,-179,16554,52,1,-29
1731,-374,-139,16511,50,-11,-18
1732,-405,-82,16561,50,-27,-14
1733,-395,-27,16526,46,-35,-3
1734,-433,40,16574,41,-39,11
1735,-487,98,16582,33,-33,19
1736,-463,146,16503,19,-38,25
1737,-512,186,16552,6,-29,31
1738,-503,217,16517,-7,-22,29
1739,-484,260,16477,-19,-8,27
1740,-507,262,16501,-26,3,17
1741,-443,310,16468,-35,10,6
1742,-424,280,16505,-42,22,-4
1743,-370,309,16510,-52,33,-13
1744,-316,261,16528,-51,34,-22
1745,-278,238,16428,-46,39,-30
1746,-243,213,16431,-42,38,-27
1747,-220,167,16388,-31,33,-27
1748,-132,118,16425,-26,21,-21
1749,-48,45,16329,-12,9,-11
1750,-10,-5,16347,-4,3,2
1751,78,-82,16337,11,-18,9
1752,96,-80,16347,23,-20,23
1753,190,-158,16354,35,-34,26
1754,233,-208,16365,43,-37,31
1755,294,-247,16311,47,-38,30
1756,358,-261,16303,56,-45,23
1757,377,-283,16327,53,-34,15
1758,392,-331,16334,48,-19,6
1759,491,-292,16278,37,-6,-5
1760,483,-311,16281,30,-3,-17
1761,487,-262,16270,18,9,-27
1762,526,-239,16273,10,21,-26
1763,505,-200,16276,-8,27,-27
1764,456,-137,16210,-17,34,-24
1765,509,-59,16198,-26,33,-19
1766,475,-28,16181,-32,34,-6
1767,426,33,16178,-44,32,6
1768,408,68,16209,-45,22,12
1769,365,108,16225,-54,9,24
1770,292,189,16261,-50,0,31
1771,241,229,16213,-47,-13,30
1772,170,256,16219,-33,-17,26
1773,127,253,16188,-27,-32,19
1774,49,288,16192,-12,-34,9
1775,12,283,16206,0,-36,2
1776,-83,288,16167,6,-36,-10
1777,-101,283,16213,25,-37,-21
1778,-147,248,16187,37,-22,-27
1779,-218,225,16199,46,-16,-30
1780,-332,166,16243,47,0,-31
1781,-339,161,16247,45,9,-24
1782,-348,55,16174,49,18,-14
1783,-395,11,16238,44,28,-2
1784,-449,-43,16236,36,40,6
1785,-507,-117,16189,30,40,16
1786,-481,-153,16252,16,41,25
1787,-469,-186,16262,5,30,30
1788,-482,-220,16229,-1,29,31
1789,-508,-248,16271,-18,10,25
1790,-445,-283,16264,-33,3,19
1791,-426,-290,16269,-37,-12,6
1792,-432,-282,16275,-47,-25,-4
1793,-395,-274,16273,-47,-29,-14
1794,-341,-268,16265,-52,-36,-25
1795,-303,-240,16353,-44,-42,-27
1796,-229,-244,16367,-48,-32,-30
1797,-177,-170,16378,-37,-33,-24
1798,-105,-114,16345,-23,-21,-22
1799,-77,-53,16343,-16,-16,-13
1800,-7,-6,16374,0,-4,3
1801,69,42,16372,16,18,10
1802,118,91,16414,22,20,20
1803,188,180,16426,34,32,27
1804,224,213,16406,42,36,31
1805,308,240,16515,49,42,30
1806,336,256,16458,42,40,21
1807,422,283,16452,46,29,16
1808,427,292,16453,47,21,4
1809,439,270,16474,37,11,-7
1810,447,252,16534,31,2,-18
1811,462,295,16509,18,-10,-24
1812,488,238,16506,6,-27,-28
1813,513,180,16452,-10,-32,-29
1814,494,144,16508,-17,-39,-24
1815,487,100,16543,-28,-33,-17
1816,450,53,16542,-38,-43,-6
1817,419,-33,16564,-48,-31,0
1818,371,-91,16566,-48,-24,13
1819,368,-118,16569,-48,-7,21
1820,318,-197,16565,-50,-1,29
1821,242,-218,16553,-38,12,27
1822,182,-232,16603,-35,23,24
1823,126,-275,16567,-25,32,19
1824,53,-285,16616,-17,37,9
1825,-50,-315,16591,-3,39,2
1826,-37,-301,16586,13,41,-7
1827,-127,-289,16550,28,28,-21
1828,-205,-249,16564,32,23,-27
1829,-232,-208,16567,38,15,-34
1830,-283,-162,16579,49,2,-27
1831,-388,-150,16563,53,-13,-26
1832,-394,-81,16635,49,-21,-11
1833,-415,-64,16546,43,-34,-1
1834,-432,36,16581,37,-33,3
1835,-488,106,16578,30,-40,21
1836,-456,132,16521,18,-37,24
1837,-520,194,16484,8,-35,30
1838,-493,242,16529,-4,-22,26
1839,-482,262,16494,-20,-13,24
1840,-473,275,16494,-31,0,14
1841,-469,290,16480,-36,15,11
1842,-435,323,16479,-48,27,-3
1843,-377,284,16488,-53,30,-19
1844,-393,250,16447,-51,37,-22
1845,-301,223,16460,-46,39,-28
1846,-226,215,16471,-47,41,-29
1847,-200,183,16379,-32,32,-24
1848,-135,105,16455,-25,22,-20
1849,-24,73,16352,-15,8,-3
1850,19,22,16349,5,-1,-1
1851,66,-60,16357,11,-8,10
1852,93,-83,16381,28,-19,17
1853,214,-161,16327,32,-32,25
1854,255,-215,16337,41,-39,32
1855,267,-235,16330,47,-43,30
1856,369,-258,16323,50,-43,22
1857,414,-279,16302,49,-31,13
1858,422,-285,16280,46,-26,0
1859,456,-307,16262,40,-16,-7
1860,463,-283,16278,25,0,-16
1861,460,-265,16246,17,11,-25
1862,500,-220,16200,6,26,-32
1863,490,-191,16243,-6,29,-29
1864,510,-140,16272,-14,39,-21
1865,489,-79,16227,-32,40,-20
1866,457,-53,16200,-40,37,-6
1867,450,11,16198,-36,35,6
1868,405,43,16192,-51,22,14
1869,320,149,16184,-51,8,23
1870,299,142,16187,-47,0,30
1871,224,206,16194,-40,-13,30
1872,199,245,16180,-31,-22,29
1873,120,266,16200,-22,-34,18
1874,68,293,16147,-13,-38,10
1875,-16,294,16188,-2,-38,-3
1876,-39,321,16123,10,-38,-10
1877,-128,275,16187,23,-31,-22
1878,-197,260,16149,32,-19,-24
1879,-232,235,16172,42,-11,-34
1880,-295,195,16226,49,5,-27
1881,-333,141,16147,53,5,-22
1882,-389,90,16209,49,27,-14
1883,-408,15,16235,43,35,-3
1884,-468,-33,16203,43,38,7
1885,-479,-108,16214,28,40,12
1886,-472,-165,16241,18,33,23
1887,-498,-205,16185,7,35,31
1888,-473,-252,16268,-4,18,30
1889,-511,-267,16254,-19,12,24
1890,-484,-280,16263,-28,-7,17
1891,-439,-293,16246,-36,-15,6
1892,-471,-322,16341,-45,-21,-2
1893,-400,-329,16277,-48,-29,-12
1894,-298,-263,16299,-51,-37,-24
1895,-325,-240,16317,-48,-44,-29
1896,-257,-217,16364,-40,-40,-28
1897,-219,-153,16385,-31,-25,-27
1898,-130,-115,16364,-12,-21,-23
1899,-67,-47,16350,-13,-13,-7
1900,15,11,16436,-3,-2,0
1901,115,42,16365,14,12,12
1902,149,137,16407,19,23,20
1903,159,149,16463,34,31,26
1904,266,201,16463,45,41,29
1905,285,237,16435,44,42,29
1906,319,260,16432,48,40,24
1907,370,299,16446,53,32,14
1908,431,313,16459,46,20,6
1909,439,285,16497,35,11,-7
1910,471,297,16501,29,2,-19
1911,504,246,16477,19,-11,-27
1912,525,232,16503,5,-24,-29
1913,508,179,16527,-9,-30,-29
1914,475,152,16502,-19,-39,-24
1915,491,117,16527,-27,-34,-19
1916,481,21,16543,-39,-37,-7
1917,424,-15,16536,-45,-33,1
1918,378,-71,16590,-50,-23,13
1919,336,-129,16552,-55,-10,23
1920,271,-164,16516,-46,0,29
1921,260,-226,16568,-41,16,30
1922,191,-248,16595,-31,26,25
1923,91,-292,16556,-20,31,20
1924,56,-316,16611,-9,45,9
1925,17,-295,16557,1,40,1
1926,-65,-283,16599,18,37,-11
1927,-137,-260,16609,22,31,-19
1928,-183,-251,16598,36,21,-27
1929,-249,-195,16581,42,15,-28
1930,-298,-186,16558,44,-2,-25
1931,-363,-152,16540,48,-8,-20
1932,-394,-54,16571,49,-24,-14
1933,-444,-32,16583,45,-32,-6
1934,-417,40,16592,40,-36,6
1935,-512,94,16575,24,-39,19
1936,-495,132,16563,20,-35,23
1937,-515,194,16549,10,-28,30
1938,-492,199,16541,-2,-27,29
1939,-491,220,16474,-22,-11,21
1940,-458,285,16465,-30,3,17
1941,-456,296,16533,-40,12,6
1942,-401,289,16475,-42,23,-5
1943,-400,268,16468,-48,30,-12
1944,-376,214,16431,-47,32,-20
1945,-296,246,16462,-50,37,-28
1946,-231,220,16447,-45,34,-29
1947,-193,183,16423,-36,30,-25
1948,-148,109,16432,-23,25,-20
1949,-81,54,16354,-12,14,-12
1950,-8,-6,16313,-7,6,-3
1951,90,-67,16364,14,-11,7
1952,95,-122,16327,14,-24,21
1953,194,-183,16352,35,-38,26
1954,254,-230,16361,37,-36,29
1955,285,-233,16334,49,-38,31
1956,368,-308,16350,54,-37,21
1957,391,-277,16265,48,-39,14
1958,435,-304,16306,42,-24,2
1959,478,-313,16220,38,-14,-8
1960,506,-303,16187,24,2,-15
1961,506,-267,16282,19,13,-27
1962,494,-234,16195,2,18,-27
1963,478,-207,16231,-9,33,-30
1964,462,-140,16245,-18,39,-28
1965,445,-98,16278,-31,39,-17
1966,435,-24,16148,-34,39,-8
1967,442,44,16199,-41,28,4
1968,404,59,16289,-51,27,15
1969,342,123,16232,-47,11,21
1970,267,165,16192,-48,0,28
1971,208,206,16171,-49,-11,27
1972,224,246,16152,-31,-21,25
1973,121,295,16155,-26,-29,21
1974,68,279,16210,-17,-37,11
1975,-23,303,16131,3,-40,-1
1976,-70,317,16232,10,-39,-11
1977,-113,259,16177,21,-30,-21
1978,-191,254,16175,29,-25,-26
1979,-237,220,16193,44,-9,-28
1980,-281,162,16194,43,0,-26
1981,-354,120,16151,50,9,-20
1982,-425,71,16221,51,27,-13
1983,-409,30,16213,42,34,-1
1984,-453,-15,16243,34,38,8
1985,-488,-78,16179,24,38,14
1986,-487,-135,16224,21,37,25
1987,-517,-189,16247,5,32,29
1988,-541,-222,16253,-6,22,29
1989,-478,-274,16202,-21,9,23
1990,-470,-266,16306,-29,3,17
1991,-485,-318,16253,-39,-9,5
1992,-421,-319,16255,-42,-19,-4
1993,-422,-257,16330,-47,-33,-13
1994,-348,-255,16240,-50,-46,-26
1995,-332,-260,16335,-46,-38,-29
1996,-244,-198,16346,-43,-39,-30
1997,-149,-136,16371,-32,-28,-29
1998,-117,-135,16348,-25,-21,-19
1999,-83,-63,16410,-16,-13,-11
